news,4
something,4
happened,4
london,2
2025-09-19,3
18:31:27,1
news,4
something,4
other,2
happened,4
minsk,2
2025-09-19,3
18:31:49,1
privatead,2
i,2
want,2
to,4
sell,2
a,3
bike,2
until:,2
2025-12-31,1
00:00:00,2
102,1
days,2
5:27:36959363,1
left,2
dailyhoroscope,2
self-care,1
shouldnt,1
be,2
a,3
spartan,1
affair,1
zodiac,2
sign:,2
aries,1
2025-09-19,3
18:33:35,1
dailyhoroscope,2
an,2
intriguing,1
mist,1
is,3
drifting,1
over,1
today,1
obscuring,1
its,1
details,1
and,3
hyping,1
up,1
your,4
curiosity,1
alluring,1
venus,1
is,3
slipping,1
into,1
your,4
intimate,1
8th,1
house,1
which,1
is,3
all,1
about,1
easing,1
tensions,1
and,3
removing,1
barriers,1
between,1
you,1
and,3
the,2
most,1
important,1
people,1
in,3
your,4
world,1
during,1
this,2
phase,1
youll,1
be,2
less,1
interested,1
in,3
shallow,1
connections,1
instead,1
youre,1
ready,1
to,4
build,1
upon,1
foundations,1
that,1
are,1
already,1
in,3
your,4
life,1
minimizing,1
the,2
risk,1
of,2
unfamiliar,1
adventures,1
think,1
of,2
this,2
as,1
an,2
investment,1
opportunity,1
--,1
with,1
lots,1
to,4
offer,1
zodiac,2
sign:,2
aquarius,1
2025-10-06,3
19:28:50,3
news,4
something,4
happened,4
london,2
2025-10-06,3
19:28:50,3
news,4
something,4
other,2
happened,4
minsk,2
2025-10-06,3
19:28:50,3
privatead,2
i,2
want,2
to,4
sell,2
a,3
bike,2
until:,2
2026-01-01,1
00:00:00,2
86,1
days,2
4:31:09236578,1
left,2
